file,mime,count,bytes
pomological-subocean-anastacia.ngrok-free.dev.har,text/html,1,0
pomological-subocean-anastacia.ngrok-free.dev.har,text/css,1,0
pomological-subocean-anastacia.ngrok-free.dev.har,image/svg+xml,1,0
pomological-subocean-anastacia.ngrok-free.dev10.har,text/html,1,0
pomological-subocean-anastacia.ngrok-free.dev10.har,text/css,1,0
pomological-subocean-anastacia.ngrok-free.dev10.har,image/svg+xml,1,0
pomological-subocean-anastacia.ngrok-free.dev11.har,text/html,1,0
pomological-subocean-anastacia.ngrok-free.dev11.har,text/css,1,0
pomological-subocean-anastacia.ngrok-free.dev11.har,image/svg+xml,1,0
pomological-subocean-anastacia.ngrok-free.dev12.har,text/html,1,0
pomological-subocean-anastacia.ngrok-free.dev12.har,text/css,1,0
pomological-subocean-anastacia.ngrok-free.dev12.har,image/svg+xml,1,0
pomological-subocean-anastacia.ngrok-free.dev13.har,text/html,1,0
pomological-subocean-anastacia.ngrok-free.dev13.har,text/css,1,0
pomological-subocean-anastacia.ngrok-free.dev13.har,image/svg+xml,1,0
pomological-subocean-anastacia.ngrok-free.dev14.har,text/html,1,0
pomological-subocean-anastacia.ngrok-free.dev14.har,text/css,1,0
pomological-subocean-anastacia.ngrok-free.dev14.har,image/svg+xml,1,0
pomological-subocean-anastacia.ngrok-free.dev15.har,text/html,1,0
pomological-subocean-anastacia.ngrok-free.dev15.har,text/css,1,0
pomological-subocean-anastacia.ngrok-free.dev15.har,image/svg+xml,1,0
pomological-subocean-anastacia.ngrok-free.dev2.har,text/html,1,0
pomological-subocean-anastacia.ngrok-free.dev2.har,text/css,1,0
pomological-subocean-anastacia.ngrok-free.dev2.har,image/svg+xml,1,0
pomological-subocean-anastacia.ngrok-free.dev3.har,text/html,1,0
pomological-subocean-anastacia.ngrok-free.dev3.har,text/css,1,0
pomological-subocean-anastacia.ngrok-free.dev3.har,image/svg+xml,1,0
pomological-subocean-anastacia.ngrok-free.dev4.har,text/html,1,0
pomological-subocean-anastacia.ngrok-free.dev4.har,text/css,1,0
pomological-subocean-anastacia.ngrok-free.dev4.har,image/svg+xml,1,0
pomological-subocean-anastacia.ngrok-free.dev5.har,text/html,1,0
pomological-subocean-anastacia.ngrok-free.dev5.har,text/css,1,0
pomological-subocean-anastacia.ngrok-free.dev5.har,image/svg+xml,1,0
pomological-subocean-anastacia.ngrok-free.dev6.har,text/html,1,0
pomological-subocean-anastacia.ngrok-free.dev6.har,text/css,1,0
pomological-subocean-anastacia.ngrok-free.dev6.har,image/svg+xml,1,0
pomological-subocean-anastacia.ngrok-free.dev7.har,text/html,1,0
pomological-subocean-anastacia.ngrok-free.dev7.har,text/css,1,0
pomological-subocean-anastacia.ngrok-free.dev7.har,image/svg+xml,1,0
pomological-subocean-anastacia.ngrok-free.dev8.har,text/html,1,0
pomological-subocean-anastacia.ngrok-free.dev8.har,text/css,1,0
pomological-subocean-anastacia.ngrok-free.dev8.har,image/svg+xml,1,0
pomological-subocean-anastacia.ngrok-free.dev9.har,text/html,1,0
pomological-subocean-anastacia.ngrok-free.dev9.har,text/css,1,0
pomological-subocean-anastacia.ngrok-free.dev9.har,image/svg+xml,1,0
